"","ID","Description","GeneRatio","BgRatio","pvalue","p.adjust","qvalue","geneID","Count"
"hsa05165","hsa05165","Human papillomavirus infection","18/103","331/8113",1.43720373825281e-07,3.34868471012905e-05,2.93492131811627e-05,"5728/3106/9636/998/3688/8325/7132/3678/1282/1277/2335/1293/4599/5894/1499/3912/8323/1288",18
"hsa04510","hsa04510","Focal adhesion","13/103","201/8113",1.35675517624383e-06,0.000158061978032406,0.000138531844311212,"5728/998/6464/3688/3678/1282/1277/2335/1293/5894/1499/3912/1288",13
"hsa04512","hsa04512","ECM-receptor interaction","8/103","88/8113",1.42655284604427e-05,0.00110795604376105,0.000971057025026627,"3688/3678/1282/1277/2335/1293/3912/1288",8
"hsa04974","hsa04974","Protein digestion and absorption","8/103","103/8113",4.5117653374468e-05,0.00234291112289092,0.00205342108805439,"476/54407/1282/1277/1290/1293/4311/1288",8
"hsa05100","hsa05100","Bacterial invasion of epithelial cells","7/103","77/8113",5.02770627229812e-05,0.00234291112289092,0.00205342108805439,"998/6464/3688/3678/10801/2335/1499",7
